SiteNo,Latitude,Longtitude,Date,Time,SegmentNo,Water.status,SubSlope,CatSlope,CatArea,StrOrder,RDI,CATANNTEMP,CATDRYQTEMP,CATANNRAIN,RUNANNMEAN,RUNANNCOFV,CAT_A_KAST,CAT_SOLPAWHC,CATELEMAX,ELONGRATIO,CATSTORAGE,FlowInterm,STRANNTEMP,STR_UNCON,CatRain10,SubETA10,Flow.last.10,DaysNoFlow
1101,-27.7265,152.8219,8/01/2018,9.59am,867709,1,0.400295,5.84825,30.9463,3,0.261275,18.66,14.1861,907.445,2957.49,1.66244,118.309,76.7403,449.167,0.632605,1.10517,6,19.1,69.375,67.0008445,38.4430611,0.143335131,0
1102,-27.7178,152.8081,8/01/2018,10.24am,867519,1,0.142166,5.45013,36.1455,3,0.25543,18.7084,14.228,904.112,3427.21,1.65863,105.61,75.0161,449.167,0.625255,1.04084,5,19.2,79.1667,65.77261025,39.56274366,0.158912298,0
1002,-27.494,152.538,8/01/2018,1.54am,862113,1,0.110581,4.12473,54.0228,3,0.217804,18.7604,14.1229,861.748,4007.72,1.85289,94.1566,125.88,381.398,0.510541,3.36212,7,19.3,100,39.32373387,40.2121551,0.075565103,0
2603,-27.305879,152.682973,15/01/2018,9.07am,857335,1,0.151876,13.044,22.9686,2,0.0337737,17.8758,13.7372,1241.5,6248.99,1.12798,30,66,777.29,0.45603,0,1,19.0545,0,2.353739664,41.7109375,0.063512742,1
608,-27.2418,152.4235,15/01/2018,10.10am,855578,1,0.373151,3.42338,108.07,3,0.171352,18.6753,14.0047,914.786,6687.32,1.74977,30.7118,66.7585,498.729,0.561627,0.889553,4,19.2667,100,0.160221974,35.27380952,0.048258698,4
911,-27.432201,152.077525,15/01/2018,12.10pm,860603,0.11,0.547279,6.02754,36.0521,3,0.140366,16.9489,12.0281,904.207,1483.43,1.98213,239.848,115.109,717.897,0.634093,0,3,18.1,0,0.075149846,31.0234375,0.008710947,2
801,-27.1587,152.8838,10/01/2018,11.30am,854315,1,3.43803,7.91059,12.066,1,0.225217,18.8909,14.669,1307.04,3214.57,1.0982,195.1,116.641,358.146,0.43422,0,3,19.0967,0,44.31037885,45.24921997,0.125992478,0
802,-27.1752,152.9219,10/01/2018,12.00pm,854317,1,0.297007,5.76884,22.5158,2,0.229194,19.105,14.8514,1283.25,5586.54,1.10832,172.336,116.84,358.146,0.345466,7.17573,1,19.58,69.1071,43.74774327,45.34334489,0.233204978,0
806,-27.152,152.976,10/01/2018,1.00pm,853926,1,0.132941,3.30449,46.0301,3,0.29851,19.3263,15.0654,1265.84,10465.9,1.1318,135.385,135.849,358.146,0.363386,15.9085,0,19.6313,37.1094,44.0912832,48.06401106,0.44154425,0
2902,-27.116705,151.973318,16/01/2018,10.50am,853111,1,0.253258,4.01805,174.984,4,0.248374,16.791,11.4834,764.875,3941.79,2.24779,179.951,104.836,760.415,0.659242,0.235802,2,17.6167,26.0417,5.146087299,36.89375,0.031496688,0
2905,-27.122232,151.985509,16/01/2018,12.00pm,853110,0,0.238481,3.89444,65.4879,3,0.222417,16.9343,12.0272,829.296,2854.7,1.79134,70.252,75.6084,732.964,0.584749,0.419961,0,17.6333,16.6667,3.318098766,36.33370536,0.015759467,3
1322,-27.812,152.1813,15/01/2018,4.26pm,869959,0.06,1.07481,11.5647,93.5388,3,0.105173,16.2699,11.1971,835.473,4260.41,1.79706,101.387,90.0416,978.841,0.441781,0,3,17.975,54.6875,6.025044181,38.14732143,0.200796526,0
1324,-27.8117,152.1971,15/01/2018,5.20pm,869793,1,0.500101,13.9052,150.303,3,0.117405,16.1169,11.207,916.089,10583.1,1.58305,154.397,99.9027,1081.57,0.455653,0,7,18.1,48.75,4.667276244,39.03125,0.380020724,0
1909,-28.1992,153.2299,18/01/2018,3.00pm,879449,1,0.165862,17.6833,32.1699,3,0.0719919,16.5293,13.1943,2049.85,23952.9,0.818628,265.926,194.834,1137.76,0.677327,0,0,18.2,0,2.298198515,50.8046875,0.291544897,0
1716,-27.984913,152.445646,11/01/2018,3.45pm,874394,1,1.99296,13.3115,19.8901,2,0.0751337,16.7077,11.7892,944.086,1405.72,1.7039,187.136,132.148,1104.31,0.490702,0,7,18.2333,100,57.77186714,45.87388393,0.110670568,0
1717,-27.942632,152.45627,11/01/2018,4.15pm,873151,1,3.32467,7.36337,5.97283,1,0.0971177,17.4451,12.3857,954.326,503.903,1.6381,79.6,74.6629,879.882,0.391937,0,3,17.8095,0,58.05412949,44.90387228,0.044485094,0
1404,-27.761,152.4422,8/01/2018,3.00pm,868545,0.71,1.56177,2.93431,5.77825,2,0.163109,18.4976,13.713,946.586,409.749,1.84469,30,65,289.006,0.472524,0,3,18.7909,61.9318,40.67771884,43.42193055,0.032278587,0
1606,-27.752943,153.123098,9/01/2018,9.20am,868402,1,0.660384,3.48848,8.92389,2,0.19331,19.241,15.4061,1155.19,1658.13,1.30789,53.6015,76.9042,208.161,0.561545,2.68219,0,19.48,76.875,72.31712199,46.76050186,0.126119754,0
1505,-27.9315,152.95,9/01/2018,10.15am,872868,1,0.385891,6.17962,110.775,3,0.219378,18.2769,13.4472,859.76,9600.32,1.50424,86.2535,81.9033,469.016,0.335722,2.12615,3,19.1667,68.2292,87.12000549,49.90234232,0.824302817,0
1713,-28.116973,152.614456,11/01/2018,11.25am,876707,1,0.507948,6.73145,107.172,3,0.114672,17.125,12.3292,1032.37,8891.23,1.40497,135.103,103.716,1326.51,0.390091,1.52591,0,18.4957,94.5652,47.67627169,43.9375,0.545308834,0
1714,-28.119068,152.617199,11/01/2018,11.35am,876769,1,0.443954,4.17594,42,2,0.188983,17.9087,12.8886,958.154,2584.08,1.5872,88.6715,100.117,741.357,0.408431,6.57273,1,18.5306,100,47.95753718,44.89236111,0.180696227,0
1701,-28.1074,152.5126,11/01/2018,1.00pm,877196,1,0.847823,9.86062,45.2769,3,0.0742409,16.7795,11.9816,1022.79,3707.03,1.48183,152.069,111.445,1237.88,0.569594,0.60213,2,18.3333,92.7083,51.21278568,44.265625,0.222634117,0
1715,-28.091262,152.456633,11/01/2018,2.10pm,876767,1,1.42949,11.9253,15.6436,2,0.0493511,16.4179,11.6366,994.837,1561.21,1.3393,100.871,90.3573,1151.76,0.611652,0,1,17.95,54.1667,58.578354,45.8984375,0.083778651,0
1506,-28.003942,152.924093,9/01/2018,11.08am,874868,1,0.265536,6.01507,61.832,3,0.148936,18.2827,13.4711,838.529,5392.16,1.47555,99.786,79.2945,530.414,0.458265,0.551662,4,18.975,0,90.24830272,44.95829052,0.476735232,0
2001,-28.162,153.3958,9/01/2018,1.20pm,878043,1,0.277538,12.3479,56.9047,3,0.226217,18.2227,14.812,1945.02,34656.5,0.895423,186.176,171.486,923.94,0.431656,0,3,19.4667,0,64.56139307,47.54570961,0.903095168,0
2003,-28.177,153.3652,9/01/2018,1.30pm,878892,1,0.283486,14.1042,33.3351,3,0.270866,17.9627,14.6547,1999.87,21515.4,0.881123,204.597,172.875,923.94,0.515831,0,3,19.1,0,66.24363077,50.57585224,0.684053878,0
1806,-28.206,152.7879,11/01/2018,9.37am,879635,1,0.120173,9.1858,376.786,4,0.170684,16.7996,12.2961,1061.64,54907.8,1.04215,108.15,93.6747,1352.2,0.452656,0.397712,1,18.5,95.8333,44.79511088,48.4296875,3.21106399,0
1809,-28.243,152.7569,11/01/2018,9.55am,880325,1,0.815353,4.53134,11.8782,2,0.194668,17.6768,13.116,929.372,1131.42,1.2251,100,90.1862,644.915,0.623489,1.14622,0,18.1,92.1875,42.29246912,46.734375,0.081284787,0
1811,-28.2691,152.7379,11/01/2018,10.15am,880324,1,0.585303,11.4182,53.2432,3,0.0473315,16.4608,12.1648,1116.01,10291,0.953743,102.812,78.3022,1340.47,0.468852,0,1,18.0786,90.1786,41.82211585,46.734375,0.543586272,0
1803,-28.1954,152.7749,11/01/2018,10.50am,879386,1,0.0805916,7.76676,202.952,3,0.380683,17.1125,12.4387,1017.58,21325.9,1.204,114.395,106.688,1243.47,0.34564,0.637722,0,18.5,100,44.78371247,46.45410156,1.18064224,0
2009,-28.2139,153.3287,9/01/2018,1.50pm,879515,1,2.56473,15.9818,12.6992,2,0.048845,17.5863,14.3676,2071.61,8909.35,0.847977,210.456,171.971,923.94,0.604961,0,3,18.6462,0,68.11520907,50.23487964,0.38438753,0
1601,-27.7344,153.1116,9/01/2018,,867475,1,0.0419521,5.69011,2744.65,6,0.336203,18.046,13.4405,966.979,336180,1.16227,91.5966,100.536,1352.2,0.352029,6.0441,0,19.5189,45.9459,74.97792115,46.66552494,22.57327077,0
2404,-27.847812,153.274219,9/01/2018,2.56pm,870603,1,4.95608,7.19472,7.48106,1,0.100899,19.0301,15.3251,1330.45,2168.86,1.11035,100,107.329,373.22,0.54734,0,2,19.2158,6.57895,90.59870184,44.66960254,0.100907987,0
2405,-27.809022,153.23597,9/01/2018,3.33pm,869907,1,4.75886,8.3604,10.7635,1,0.167733,18.7787,15.0663,1291.8,2999.75,1.14503,100,113.965,373.921,0.519461,0,3,19.0087,1.08696,90.81457314,43.73562937,0.141789625,0
703,-27.3285,152.8032,10/01/2018,9.23am,858269,1,4.09908,13.9182,17.4049,2,0.0490322,17.3899,13.5588,1403.62,6304.28,1.04269,30,65.9014,749.926,0.601304,0,0,18.7,0,42.26574102,44.8098189,0.165678218,0
705,-27.335641,152.808193,10/01/2018,9.45am,858268,1,4.16045,11.3237,7.03603,2,0.0485009,17.7478,13.7302,1323.27,2175.36,1.12241,30,65.1707,612.311,0.701621,0,0,18.85,0,38.54459951,43.91202974,0.040349567,0
2502,-27.250566,152.805971,10/01/2018,10.35am,856194,1,0.920891,7.40776,19.9566,2,0.0503542,18.4969,14.2384,1237.61,4879.42,1.15809,30,63.2633,598.383,0.475079,0.688506,0,19.2188,0,36.70198517,39.59647632,0.068879474,0
2203,-26.502,152.9536,10/01/2018,3.23pm,104099,1,2.86663,3.76296,2.59339,1,0.171862,19.4213,15.5987,1722.49,1144.47,0.96998,63.6,92.84,227.83,0.502677,0,0,19.625,59.375,31.86851016,41.42184678,0.001522896,0
2207,-26.5224,152.9598,10/01/2018,3.33pm,104207,1,0.044279,4.69752,55.9919,2,0.236874,19.508,15.6723,1693.69,24025.2,0.96876,84.4781,96.1834,393.013,0.474212,2.09996,0,19.8,100,34.18777581,41.41337798,0.08887664,0
401,-26.8062,152.9459,10/01/2018,4.35pm,104894,1,1.40136,4.49298,4.93163,2,0.219019,19.2336,15.4916,1804.12,2260.09,0.969127,270.629,115.72,250.52,0.534245,3.49626,0,19.56,0,24.57851174,41.51029348,0.006074628,0
406,-26.8486,152.9942,10/01/2018,5.15pm,104939,1,0.169236,0.993634,15.755,2,0.236337,19.635,15.8674,1648.64,5633.89,1.06477,206.346,151.641,238.39,0.444952,47.482,0,19.7333,11.2847,27.08987453,43.58828473,0.023169107,0
3005,-26.952771,151.936917,16/01/2018,3.50pm,849068,1,0.209639,4.17595,352.051,4,0.181595,16.9344,11.5056,774.388,6283.84,2.51185,160.64,87.875,979.581,0.473456,1.13462,3,17.7,94.6429,6.632500405,38.828125,0.141034169,0
2814,-27.031696,152.335885,17/01/2018,9.50am,850657,1,0.153112,4.63221,169.939,3,0.170727,18.0931,13.3369,901.085,9548.22,1.70755,73.3866,62.0769,733.178,0.309111,0.44502,3,19.3,76.7857,0.009472161,36.00446429,0.023633004,7
2802,-26.997307,152.314746,17/01/2018,10.15am,850416,1,0.374585,4.00567,198.024,3,0.171948,18.1071,13.3339,878.79,10398.6,1.77579,70.733,61.8956,576.212,0.38183,0.347451,3,19.2667,18.4524,0.000284201,30.67466518,0.052741001,6
2816,-27.019514,152.320155,17/01/2018,10.45am,850656,0,5.7728,6.37625,6.09226,1,0.167774,18.6243,13.9559,910.842,375.272,1.65103,30,65.0678,421.125,0.597307,0.565014,6,18.7933,8.75,0,33.78776042,0.002273416,6
211,-26.888905,152.61309,18/01/2018,9.30am,848458,1,0.362982,7.25361,87.6148,3,0.13848,18.1567,13.9079,1293.74,21527,1.16799,176.099,102.783,652.073,0.498171,0.314698,3,19.2231,49.0385,2.616489602,37.23388672,0.043597652,0
207,-26.8689,152.5843,18/01/2018,9.45am,848211,1,0.157273,7.02926,112.745,3,0.158326,17.9164,13.5777,1159.24,22373.4,1.20522,99.9801,95.0352,799.343,0.501548,0.672779,1,19.3,100,2.093280812,36.02929688,0.047000229,1
212,-26.872612,152.585698,18/01/2018,9.55am,848210,0,4.89705,3.7226,3.96411,1,0.322337,18.8078,14.4261,1116.97,718.383,1.24653,92.4087,64.087,388.236,0.485387,0,2,18.7733,32.5,1.80091089,33.72977941,0.000245386,4
305,-26.970918,152.681326,18/01/2018,10.30am,849563,1,0.382564,6.54504,132.196,3,0.401729,18.3104,14.2056,1317.46,39297.4,1.06957,45.9638,74.7962,546.381,0.500058,0.494962,0,19.3886,59.1071,1.36194066,44.30087652,0.073703822,2
504,-27.0632,152.005,16/01/2018,12.25pm,851871,1,0.159784,4.07435,440.084,4,0.226726,16.9159,11.6447,768.965,10917.7,2.13422,164.142,96.7729,760.415,0.68287,0.508009,2,17.8222,0,5.433915894,38.90625,0.108754288,0
502,-27.0793,151.97,16/01/2018,12.50pm,852218,1,0.442711,4.33746,164.526,3,0.223145,16.9294,11.5135,748.003,3041.51,2.44936,203.729,101.838,719.589,0.486588,0.585435,3,17.7636,0,6.71179071,37.69860197,0.048268422,0
2305,-27.087183,151.876263,16/01/2018,2.40pm,852482,0,2.78304,5.65843,8.90935,1,0.225502,16.7811,11.3544,747.784,178.518,2.35842,154.892,97.2046,679.838,0.405479,0,4,16.9786,6.02679,7.063473111,35.46277574,0.003018886,2
2304,-27.1067,151.8613,16/01/2018,3.00pm,852483,0.07,1.0189,4.31124,48.4563,2,0.224417,16.6878,11.2616,737.49,864.498,2.42247,179.951,95.4634,719.589,0.510962,0.141936,2,17.3714,17.4107,7.025512419,35.4765625,0.014499061,1
3101,-26.895074,152.30931,17/01/2018,11.20am,848577,1,0.06202,4.73991,2105.69,5,0.227797,17.6775,12.693,861.576,95765.9,1.72136,80.8467,93.5326,979.581,0.38601,0.458246,1,19.4,93.75,0.741269412,34.3828125,0.993447198,1
105,-26.8596,151.9627,17/01/2018,2.05pm,847271,1,0.731331,2.56321,76.2743,2,0.272711,16.9309,11.6089,842.259,2109.89,2.27325,211.789,164.711,665.403,0.404212,0.949082,2,17.4194,30.6452,0,36.18258427,0.035490452,0
2104,-26.6954,152.0645,17/01/2018,3.45pm,845669,0.15,2.05953,4.24292,11.5652,2,0.159156,17.6845,12.3719,807.272,336.363,2.12165,30,66,499.911,0.519766,0,3,18.11,0,0.32712036,33.703125,0.004405518,4
1408,-27.736083,152.467027,8/01/2018,1.40pm,868156,1,0.402666,5.65164,80.6302,3,0.164706,18.2768,13.5036,954.541,5532.27,1.89656,140.793,77.7673,686.326,0.589775,2.11994,5,19,100,44.40997849,43.42193055,0.338726273,0
1406,-27.74,152.4568,8/01/2018,2.20pm,868230,0.37,3.45372,2.72012,2.01769,1,0.107367,18.7966,14,903.373,127.382,1.88822,30,65,199.962,0.64834,0,5,18.8125,0,39.34783128,43.42193055,0.007181772,0
1405,-27.7573,152.4447,8/01/2018,2.40pm,868544,0.04,2.57152,2.43731,2.29098,1,0.105642,18.5507,13.7567,940.701,162.222,1.85265,30,65,225.477,0.507466,0,4,18.6455,19.3182,39.71064811,43.49537521,0.009308042,0
909,-27.469,151.9792,15/01/2018,2.05pm,861365,1,1.35112,6.42246,18.4773,2,0.190811,16.5436,11.5393,873.148,781.783,1.94216,190.909,94.9907,698.748,0.74572,0,2,17.5667,0,0.070884043,32.19296875,0.007733422,0
2701,-27.552486,152.27628,15/01/2018,2.50pm,863441,1,0.0708913,6.86486,1549.06,5,0.437863,17.4094,12.2549,834.672,60304.3,1.9466,174.9,91.2694,1081.57,0.610061,2.56244,4,19.1,94.5724,1.622720406,35.07315341,1.607525527,0
2703,-27.610868,152.220624,15/01/2018,3.30pm,864504,0,0.304584,10.6002,463.21,4,0.268716,16.8268,11.774,865.929,23780.4,1.78653,195.848,95.0502,1081.57,0.385717,1.3082,5,18.9214,88.5417,3.788924573,34.44834184,0.879628647,0
2704,-27.62461,152.190156,15/01/2018,4.00pm,865161,0,0.401018,6.99544,243.269,4,0.23006,17.1038,11.7406,784.361,6810.84,2.17748,230.132,93.6249,780.193,0.525127,0.393925,4,18.7538,98.5577,2.366803272,35.16706731,0.298265989,0
1202,-27.563992,152.989747,8/01/2018,,863500,1,0.0611375,1.92993,212.049,4,0.319961,19.1699,14.9737,982.726,25288.6,1.49581,62.0181,64.5911,339.151,0.333139,19.6763,1,19.5467,45.6944,43.08775495,39.87627184,0.840924794,0
3803,-27.575142,152.464316,12/02/2018,,864144,0.4,0.279749,4.96617,19.5505,2,0.266604,18.5816,13.8709,863.01,1277.71,1.9404,89.3345,116.706,350.599,0.546268,0,7,19.08,63.75,32.26685058,26.11458333,0.039974281,0
3601,-27.680389,152.43552,12/02/2018,10.30am,866608,0,0.892706,4.78116,16.2503,2,0.111367,18.4093,13.643,909.221,1128.12,1.87184,30,67.7368,442.462,0.549024,0.631686,4,18.9444,88.1944,34.87970694,28.453125,0.027438879,0
3203,-27.69321,152.364322,12/02/2018,10.57am,866949,1,0.129878,10.1096,189.454,3,0.118094,17.3533,12.5377,949.506,13458.2,1.7991,235.98,94.8855,1123.14,0.41933,0.288665,5,18.9,93.0556,34.33314586,27.8828125,0.649623563,0
3301,-27.706134,152.329484,12/02/2018,11.20am,867272,0.04,0.242367,9.52251,34.2942,2,0.133859,17.2957,12.5429,921.231,2047.56,1.97958,300,96,855.091,0.475845,0,8,18.58,35,33.82056078,28.1640625,0.105660324,0
4003,-27.564047,152.55915,12/02/2018,drive by,863742,0,5.94104,4.67709,1.47292,1,0.330918,18.693,14.0674,869.628,112.796,1.85041,100,126,216.927,0.920888,0,7,18.8,0,31.82498233,26.328125,0.000990973,0
3401,-27.657319,152.259659,14/02/2018,8.45am,865928,0.07,0.289521,6.84663,29.6623,2,0.187895,17.8945,13.0517,874.051,1424.42,2.07122,236.159,89.8524,604.051,0.478519,0.692272,8,18.7,92.1875,9.590795271,29.47902961,0.027047762,0
3505,-27.697932,152.245066,14/02/2018,9.20am,867010,0,1.1369,9.41055,33.8219,2,0.176463,17.3554,12.5061,887.212,1706.08,2.00886,300,96,810.285,0.441415,0,10,18.59,37.5,10.97310907,28.7890625,0.058550129,0
3501,-27.763438,152.249245,14/02/2018,10.00am,868665,0,0.426338,11.1658,47.8138,3,0.421143,16.7435,11.7896,894.518,2617.36,1.93164,299.428,95.9828,886.684,0.57217,0,7,18.2,58.3333,13.13683287,28.6953125,0.100455942,0
3502,-27.764963,152.243399,14/02/2018,,868664,0,3.50971,9.69182,8.78503,2,0.12959,16.9198,11.7918,859.136,376.262,2.02941,300,96,865.85,0.458944,0,10,17.9111,11.1111,12.56796436,29.48377404,0.01336346,0
3402,-27.658533,152.250071,14/02/2018,drive by,865995,0.04,1.04396,1.70174,5.50949,1,0.206312,18.5068,13.4826,816.379,216.444,2.11967,33.354,70.323,230.142,0.599132,1.24216,4,18.5467,0,8.236402992,28.84765625,0.003766702,2
3503,-27.730418,152.230597,14/02/2018,,867814,0,1.20541,10.429,66.0712,3,0.363098,16.929,11.9357,883.542,3368.72,1.96234,299.586,95.9876,886.684,0.499343,0,7,18.4714,66.9643,12.79157465,28.6953125,0.134494199,0
3506,-27.692282,152.214663,14/02/2018,,866864,0,0.124726,11.4021,389.515,4,0.210557,16.6074,11.5646,870.899,20847.3,1.74779,193.588,96.0004,1081.57,0.459826,0.052692,5,18.7,100,13.08483079,28.296875,0.630644643,0
4105,-27.65373,152.063062,20/02/2018,8.45am,865528,0.2,1.00563,6.83109,38.6981,2,0.139061,17.1696,11.7186,763.996,957.743,2.32786,247.303,94.4191,710.97,0.535237,0,6,18.3333,72.2222,17.27561352,20.84872159,0.011016278,0
4102,-27.616943,152.011452,20/02/2018,9.45am,865402,0,1.83777,7.74021,30.9819,2,0.133556,16.7856,11.4442,799.019,975.543,2.17877,189.436,93.6862,729.2,0.472474,0,4,17.8905,21.4286,15.8852863,20.82848837,0.009083286,0
4201,-27.562763,152.077227,20/02/2018,10.45am,863809,0,1.41999,4.96551,15.7184,2,0.186969,17.924,12.4723,793.503,459.039,2.19632,115.882,77.5185,560.794,0.533406,0,7,18.4937,62.8906,16.2732234,24.10061553,0.00303597,0
4202,-27.581463,152.094766,20/02/2018,,864196,0,4.36693,5.72693,3.59556,1,0.204902,18.0676,12.6286,796.076,105.957,2.18982,102,76.6,474.152,0.439678,0,8,18.3462,53.8462,17.16193583,24.8359375,0.000622559,0
4106,-27.632427,152.05699,20/02/2018,drive by,865529,0,0.494819,7.60366,58.9114,3,0.123743,16.9899,11.5991,787.497,1734.17,2.21512,191.424,93.2702,729.2,0.508636,0,6,18.4,37.5,16.05169068,20.5703125,0.019033132,0
3201,-27.826284,152.366955,20/02/2018,12.30pm,870385,0.44,5.55122,11.4535,14.3815,1,0.0922031,16.7891,12.0449,982.321,1229.55,1.59116,262.945,94.8884,1090.09,0.429279,0.475213,7,17.6724,39.4397,30.94496775,39.41109375,0.02000327,0
3703,-27.865432,152.486268,20/02/2018,2.10pm,871142,1,0.619393,5.15665,66.3381,3,0.174581,18.0344,12.9652,965.209,4982.08,1.75105,71.0329,80.8214,879.882,0.517512,0.926488,3,18.8286,95.5357,39.88057817,41.56919643,0.147480544,0
3701,-27.977757,152.446986,20/02/2018,2.45pm,874161,0.31,2.38678,7.71997,8.08755,2,0.10045,17.4304,12.3713,945.586,625.228,1.69434,100,74.135,934.87,0.540606,0,3,18.2444,47.2222,37.20475099,42.5859375,0.015791713,0
N3_1,-28.112452,153.363604,23/03/2018,10.45am,877086,1,0.10796,9.52212,29.1987,2,0.104914,18.6347,14.9873,1722.94,14442,0.958335,233.489,173.016,442.439,0.483116,0.233471,0,19.4615,0.480769,21.24800639,37.7734375,0.547278082,0
N3_10,-28.017886,152.757055,28/03/2018,,874948,1,1.30931,5.88193,10.8797,2,0.178862,17.7069,12.8834,892.73,1119.09,1.46133,100,76.5674,469.016,0.567347,0,0,18.1917,0,4.732983323,33.16852679,0.003217312,0
N3_11,-28.086009,152.628541,21/03/2018,,876710,1,0.908078,6.11964,17.484,2,0.186776,17.8752,12.9051,923.904,1265.73,1.53955,73.9064,104.877,559.557,0.534675,0,3,18.4692,72.1154,1.369138049,35.6640625,0.026321863,1
N3_12,-27.767428,152.841833,28/03/2018,1.10pm,868839,1,4.75829,6.65259,1.33336,1,0.136205,18.4436,14.0026,920.282,131.969,1.68148,126.923,70.359,263.814,0.809746,0,7,18.56,0,15.68911727,31.671875,0.000887954,0
N3_13,-27.142709,152.310028,20/03/2018,,853421,1,0.143981,4.5437,446.617,4,0.585176,17.1867,12.4045,938.298,24545.8,1.73234,133.005,98.5306,793.6,0.374708,0.307672,1,19.3,55.4688,9.780315599,30.1484375,0.962709995,0
N3_14,-27.211367,152.392603,20/03/2018,,855180,1,0.815816,3.29106,20.4411,2,0.198269,18.7494,14.0867,912.763,1250.55,1.70225,30,65.8235,319.825,0.431522,1.34457,4,19.1778,54.5139,9.203274894,33.33735795,0.050364544,0
N3_15,-28.084798,152.616908,21/03/2018,,876707,1,0.507948,6.73145,107.172,3,0.114672,17.125,12.3292,1032.37,8891.23,1.40497,135.103,103.716,1326.51,0.390091,1.52591,0,18.4957,94.5652,4.352251364,34.5790625,0.26385171,0
N3_16,-28.06025,152.649256,21/03/2018,,876131,1,1.8082,4.05049,9.78407,2,0.192884,18.0021,13.0233,922.286,696.803,1.58169,95.2683,93.0488,541.953,0.554561,0,3,18.5333,0,1.388287373,35.0859375,0.013739095,0
N3_17,-28.048724,153.189195,23/03/2018,9.25am,875607,1,0.249649,12.6329,84.7472,3,0.146365,17.2562,13.4126,1396.81,38422.8,0.958068,184.653,170.112,1119.25,0.301396,0.160956,0,18.7267,0,7.064586713,33.97585227,1.012266201,0
N3_18,-28.107186,153.403705,23/03/2018,12.05pm,877038,1,3.11945,2.94088,5.8277,1,0.437216,19.2281,15.5456,1644.06,2469.08,0.996662,107.018,159.737,180.904,0.583762,0.584883,0,19.25,49.2188,23.67795813,33.22491776,0.078642872,0
N3_19,-27.998229,153.311242,23/03/2018,12.42pm,874665,1,0.206691,11.6014,239.903,4,0.558447,17.7132,14.1026,1677.28,125970,0.922978,218.392,172.868,1137.76,0.373115,0.440753,2,19.5,13.75,14.39571708,34.53125,4.352342205,0
N3_2,-27.163336,152.337882,20/03/2018,10.50am,854049,1,3.20262,2.3299,2.6469,1,0.181529,18.8844,14.1974,898.558,147.911,1.72093,30,70,235.051,0.800304,0,4,18.9429,5.35714,7.494534172,31.375,0.000896678,0
N3_20,-27.997298,153.259539,23/03/2018,12.49pm,874317,1,0.517734,11.6537,13.3378,2,0.128173,18.332,14.6164,1381.02,4606.45,1.12635,270.844,177.22,539.682,0.463932,0,7,19.175,0,17.46513416,34.1328125,0.053745351,0
N3_21,-27.997542,153.158653,23/03/2018,1.03pm,874542,1,0.165437,12.8077,103.483,2,0.0805191,16.9483,13.1226,1381.18,46556.1,0.94373,240.264,187.741,1158.85,0.277547,0,0,19,80.2083,6.258231926,33.65625,1.045466934,0
N3_22,-27.907936,153.102138,23/03/2018,1.12pm,872161,1,0.0410196,8.57387,546.32,5,0.173326,17.7593,13.6526,1157.44,157565,1.01894,146.896,144.705,1158.85,0.39643,1.80503,0,19.2222,80.5556,5.47051601,33.109375,2.809043934,0
N3_23,-27.991827,152.995253,23/03/2018,1.38pm,874172,1,0.442104,3.46209,34.5488,3,0.235918,18.5272,14.0293,878.964,3824.26,1.41167,115.902,87.4235,405.229,0.486401,1.97463,2,19.1,81.25,1.697224001,35.7265625,0.010082397,0
N3_24,-28.168993,152.892638,23/03/2018,1.56pm,878737,1,0.394758,5.63002,28.5789,2,0.102823,17.9989,13.2293,857.714,2652.18,1.29515,100,81.0834,454.494,0.493119,0,2,18.7,50,0.057444864,33.4765625,0.013625781,4
N3_25,-27.956131,152.578782,23/03/2018,3.05pm,873609,1,0.392002,5.53117,161.149,4,0.165198,17.8231,12.7425,957.719,10664.9,1.71149,101.101,105.963,1104.31,0.486085,2.90089,3,18.8417,52.6042,0.204608897,35.12611607,0.164615496,0
N3_26,-27.569333,153.030971,23/03/2018,,863831,1,0.115862,1.08099,12.5001,2,0.498961,19.4082,15.4844,1090.12,1805.83,1.43105,250.537,185.381,91.7421,0.539856,5.48017,0,19.5833,57.8125,28.22565744,25.73995536,0.054620507,0
N3_27,-27.996598,152.714243,28/03/2018,,874654,1,0.0769739,5.17948,371.726,4,0.208893,17.8618,12.9043,961.582,25477,1.53379,97.2241,103.567,1326.51,0.427373,2.57723,1,18.8,84.375,5.255202943,32.3984375,0.09478145,0
N3_28,-27.834678,152.376948,30/03/2018,,870384,1,0.321952,12.1645,76.6597,3,0.103055,16.9103,12.065,953.209,6254.86,1.68506,234.61,98.1969,1123.14,0.508728,0,3,18.4,100,4.18674224,29.62890625,0.004600373,0
N3_4,-27.169561,152.189269,29/03/2018,12.00pm,854310,0.62,2.07303,3.09223,7.73349,1,0.194992,17.7267,12.9196,887.947,410.578,1.78769,100,59,521.179,0.427193,0,2,17.8083,0,13.19983775,30.69423491,0.002394311,0
N3_5,-27.165386,152.180315,29/03/2018,12.43pm,854311,1,1.64405,2.12089,9.52198,1,0.186278,17.7477,12.9469,881.74,502.874,1.79899,100,59,497.69,0.573536,0,1,17.8476,0,13.28398992,30.27849265,0.003726202,0
N3_6,-27.818354,152.52435,21/03/2018,9.50am,870159,0.9,5.13455,3.6962,2.49447,1,0.303186,18.5493,13.8123,941.74,181.079,1.7841,26.6712,76.2466,271.91,0.54855,0,6,18.5909,3.40909,5.463609062,37.96614583,0.003213903,2
N3_7,-27.819771,152.561797,21/03/2018,9.20am,870161,0.22,3.23603,2.37658,1.74271,1,0.212394,18.6431,13.6373,928.392,122.944,1.7741,30,69.4118,223.825,0.518255,0,5,18.6556,0,5.404715752,38.01953125,0.002457038,2
N3_8,-27.82496,152.616143,21/03/2018,8.45am,870162,1,0.130295,2.50236,79.4825,4,0.321926,18.7224,13.6167,925.606,5180.92,1.7391,25.3008,77.3356,280.719,0.459455,4.77093,4,19.1,85.5469,4.237321445,38.76065341,0.17407855,1
N5_1,-27.95237,152.642396,12/05/2018,2.00pm,873268,0.8,1.23613,4.38322,7.20052,2,0.239031,18.2412,13.2303,935.005,508.314,1.68008,100,115.128,430.881,0.512427,0.947821,5,18.5889,0,6.250589925,14.4375,0.000432686,0
N5_2,-27.589834,152.589667,12/05/2018,3.05pm,864299,0.41,0.394343,3.7627,12.3615,2,0.316371,18.7233,14.097,871.155,940.978,1.85705,100,126,289.669,0.675389,0,6,19.04,100,20.11372192,15.5234375,0.002443042,0
N5_3,-26.960645,152.277667,10/05/2018,11.30am,849642,0.55,0.61139,5.05872,43.9119,3,0.190639,18.5154,13.736,889.787,1982.28,1.87421,30.1098,65.989,421.204,0.421577,0,6,19.171,9.67742,17.57621811,11.90354167,0.002987428,0
N5_4,-26.915098,152.279255,10/05/2018,1.10pm,848607,1,1.74013,5.30822,14.918,1,0.190533,18.7781,14.0379,909.912,656.331,1.93649,26.5081,73.5012,323.431,0.49486,0,7,19.0621,35.5603,17.95226858,11.77314269,0.000448157,0
N5_5,-27.636979,152.097634,11/05/2018,1.58pm,865322,0,2.28646,6.63586,15.7768,2,0.128494,17.4325,12.028,790.677,440.961,2.22224,289.458,94.9848,554.938,0.534519,0,8,18.48,93.75,15.64530149,9.3515625,0.00139355,0
N5_6,-27.714582,152.295976,11/05/2018,10.35am,867517,0.24,5.20276,8.97645,5.6434,1,0.178139,17.3042,12.5376,909.824,312.615,2.03127,300,96,604.051,0.631391,0,9,17.4857,0,18.80314167,10.76868207,0.000866056,0
N5_7,-27.735966,152.270943,11/05/2018,11.25am,867994,0.06,1.04267,10.5847,17.1299,2,0.163367,16.9242,12.1184,907.066,969.421,1.94651,300,96,810.285,0.533966,0,10,17.975,25,17.31085932,9.5328125,0.002904158,0
N5_8,-27.774695,152.255705,11/05/2018,12.00pm,869003,0,0.415261,11.415,38.9259,3,0.263349,16.6579,11.722,899.665,2215.17,1.9139,299.298,95.9789,886.684,0.61695,0,6,18.1,12.5,14.87278606,9.984375,0.005040618,0
N5_9,-26.89709,152.277322,10/05/2018,,848575,1,0.29961,5.08628,66.2592,3,0.162242,18.3305,13.5481,893.469,2831.28,1.93091,34.9615,81.3479,505.724,0.485486,0,4,19.2227,38.0682,20.20266922,11.40234375,0.007207825,0
N5_10,-26.963135,152.292789,10/05/2018,,849641,1,0.190467,4.13724,929.325,4,0.189168,17.3224,12.2658,809.901,31545,1.949,114.407,84.4677,760.415,0.377976,0.51822,2,19.2818,66.1932,14.97712021,10.24491279,0.071666891,0
N5_11,-27.24875,152.829042,30/05/2018,10.25am,856196,1,0.5014,8.42525,49.7663,3,0.0652092,18.4451,14.2251,1263.33,12671.1,1.14069,30,62.9427,757.176,0.570494,0.276096,0,19.3556,0,11.3153362,12.5703125,0.005762582,0
N5_12,-27.355472,152.88228,30/05/2018,,858743,1,0.0945638,6.61695,82.2396,4,0.194556,18.5927,14.2452,1187.47,18065.5,1.24247,30,59.9967,579.429,0.614941,3.08737,0,19.2,0,7.313351741,14.32552083,0.003690824,0
N5_13,-27.208297,152.836491,30/05/2018,,855372,1,0.116044,5.78496,26.2949,3,0.290503,18.966,14.697,1246.34,6399.15,1.11983,36.3529,60.9412,450.711,0.501371,4.44358,0,19.4,42.5,13.76412057,12.1328125,0.006524262,0
N5_14,-27.188246,152.826619,30/05/2018,,854821,1,0.162537,6.34562,12.135,2,0.323107,18.7864,14.5819,1271.6,3132.28,1.11139,42.238,65.1785,450.711,0.500398,0,0,19.4,37.5,13.76341127,12.1328125,0.00385658,0
N5_15,-27.187084,152.83094,30/05/2018,,854780,1,5.0543,10.3632,4.50292,1,0.250257,18.8092,14.5817,1284.47,1226.7,1.08517,34.1221,60.1221,362.945,0.729221,0,3,19.21,20.625,15.2280168,16.40090461,0.001055508,0
N5_16,-26.78695,152.270556,30/05/2018,,846962,1,0.131139,4.67956,1954.74,5,0.169748,17.6271,12.6249,859.372,89207.5,1.71001,84.3941,94.4598,979.581,0.413154,0.475992,1,19.3,74.1071,3.93949825,10.55859375,0.012932809,0
N5_17,-26.801992,152.265556,30/05/2018,,846963,0,0.628475,5.23508,45.9722,3,0.158693,18.2305,13.4508,876.992,2070.32,1.89465,29.4531,67.1748,440.321,0.545525,0,6,19.1938,12.1094,4.288185674,10.671875,0,15
N5_18,-27.249619,152.418889,30/05/2018,2.45pm,856078,0,0.180534,2.59307,47.8991,2,0.192761,18.7736,14.1094,904.914,2992.68,1.75334,30,63.8918,349.193,0.433655,1.43354,3,19.2,73.125,1.331750865,8.031661184,0,18
N5_19,-27.198769,152.37863,30/05/2018,3.10pm,855066,1,0.33279,3.06314,24.229,2,0.189225,18.8865,14.2071,899.672,1373.74,1.69594,30,67.3404,304.657,0.526085,2.83679,4,19.2,71.875,1.440375512,7.109375,0,19
N5_20,-27.202786,152.383233,30/05/2018,3.17pm,855067,1,0.730786,2.93014,18.244,2,0.176153,18.7141,14.0316,910.738,990.987,1.77389,30,65.5838,308.674,0.47143,0.18836,4,19.175,64.0625,1.26982464,7.3125,0,19
N5_21,-27.2125,152.392603,30/05/2018,3.20pm,855180,1,0.815816,3.29106,20.4411,2,0.198269,18.7494,14.0867,912.763,1250.55,1.70225,30,65.8235,319.825,0.431522,1.34457,4,19.1778,54.5139,1.440675754,7.800662879,0,19
N5_22,-26.97625,152.361667,30/05/2018,,849884,1,0.188369,4.28407,400.359,4,0.175077,18.178,13.4196,890.443,21680.8,1.73815,68.2911,62.9111,733.178,0.414797,0.395143,3,19.5,100,1.443382728,4.940104167,0,17
N5_23,-27.765018,153.12,31/05/2018,,868348,1,0.109899,2.0159,39.2719,3,0.219711,19.3,15.2108,1094.89,6175.33,1.37939,47.3986,66.2907,237.638,0.498572,17.6684,0,19.5,71.131,3.009620948,21.1015625,0,20
N5_24,-27.76625,153.121913,31/05/2018,,868841,0,3.09056,1.89307,1.94873,1,0.263776,19.3772,15.5018,1122.56,324.069,1.34962,39.8246,64.7018,101.77,0.637484,0,0,19.3667,0,5.026777108,10.89236111,0,18
N5_25,-27.785042,153.135,31/05/2018,9.15am,869265,0.6,4.81252,5.02976,4.6831,1,0.191013,19.0693,15.2438,1150.05,907.534,1.29905,75.9854,96.7299,237.638,0.616239,0,2,19.1462,0,3.73802209,20.21875,0,15
N5_26,-27.9315,152.950972,31/05/2018,,872868,1,0.385891,6.17962,110.775,3,0.219378,18.2769,13.4472,859.76,9600.32,1.50424,86.2535,81.9033,469.016,0.335722,2.12615,3,19.1667,68.2292,1.267500863,8.4609375,0,35
N5_27,-27.938471,152.973404,31/05/2018,,873017,1,0.0838555,7.17668,1478.42,5,0.223584,17.5902,13.0583,996.024,225535,1.02741,109.755,112.153,1352.2,0.402313,2.42131,0,19.1435,97.1467,2.13800088,9.647235577,0.000210991,1
N5_28,-27.991827,152.994444,31/05/2018,,874539,1,0.474577,3.77916,30.8643,3,0.231456,18.4745,14.0122,879.51,3546.83,1.40059,118.122,86.7823,405.229,0.523834,1.54719,2,19,0,3.034053782,9.015625,0,31
N5_29,-28.019523,153.009444,31/05/2018,,874870,1,0.533605,4.19127,23.2225,3,0.215079,18.379,13.9323,877.134,2778.52,1.38382,124.082,88.8135,405.229,0.547722,2.05632,2,18.8857,85.2679,3.228906427,9.015625,0,31
N5_30,-27.98625,152.97044,31/05/2018,,873957,1,0.0927769,7.45077,1392.52,5,0.220255,17.5217,12.9946,1003.56,217268,1.01408,111.544,112.816,1352.2,0.409567,1.98009,0,19.0979,100,2.110996131,8.6765625,0.000124939,1
N5_31,-28.001667,152.924167,31/05/2018,,874868,1,0.265536,6.01507,61.832,3,0.148936,18.2827,13.4711,838.529,5392.16,1.47555,99.786,79.2945,530.414,0.458265,0.551662,4,18.975,0,1.774971238,7.770833333,0,34
N5_32,-27.864665,152.480648,31/05/2018,,871141,0,3.78876,3.81046,10.0076,1,0.273246,18.3464,13.4263,957.846,679.04,1.83075,69.901,86.785,497.248,0.368791,6.48522,3,18.4667,62.0192,0.474602746,7.3140625,0,19
N5_33,-27.858611,152.47859,31/05/2018,,871006,0,0.800758,5.62996,17.1823,2,0.187006,18.0813,13.2781,966.344,1233.92,1.85325,121.628,87.0378,616.174,0.485914,1.39169,5,18.8857,100,0.493877438,6.393973214,0,17
N5_34,-27.848815,152.492934,31/05/2018,,870885,1,0.226562,4.79647,106.098,3,0.191474,18.144,13.1234,962.463,7683.98,1.78042,72.9015,83.8198,879.882,0.601123,2.86532,3,18.9,100,0.451788635,6.4609375,0,16
N5_35,-27.671175,152.316258,31/05/2018,,866314,0.05,1.73119,6.34287,6.94578,2,0.188275,18.0803,13.2478,882.882,328.546,2.13086,245.468,90.7488,464.639,0.638298,0,6,18.6167,84.375,0.735410219,6.9703125,0,14
N5_36,-27.672434,152.324691,31/05/2018,,866315,0,0.480512,8.77906,47.0898,2,0.167958,17.5528,12.7799,912.21,2656.72,2.01718,277.451,93.8286,855.091,0.3968,0,8,18.7182,54.5455,0.626989837,6.526041667,0,14
N5_37,-27.831727,152.508333,31/05/2018,,870468,1,1.81666,4.53047,122.497,3,0.222889,18.2186,13.2045,959.112,8685.03,1.7892,65.9412,85.5852,879.882,0.553197,3.7089,4,19,100,0.457931795,6.4609375,0,16
N7_1,-27.647372,152.589588,26/07/2018,,865930,1,0.397219,3.66645,251.988,4,0.182818,18.6482,13.8909,896.518,16361.8,1.90274,69.7539,83.8664,686.326,0.493028,8.68966,5,19.3,100,0.011222738,4.5546875,0,14
N7_2,-27.703604,152.551301,26/07/2018,,867081,0,0.0359158,3.29401,233.951,4,0.247065,18.5543,13.6529,927.426,15223.3,1.82982,52.7486,88.5271,879.882,0.415354,7.40871,4,19.2769,95.1923,0.013902779,3.875,0,13
N7_3,-27.6635,152.451445,26/07/2018,,866360,0,0.407203,4.4353,4.20978,2,0.232882,18.5854,13.8537,879.114,263.761,1.98352,97.1545,123.52,296.794,0.644497,0,6,19,100,0,8.0859375,0,71
N7_4,-27.383404,152.815,24/07/2018,,859478,1,3.79994,11.7543,7.376,2,0.13006,17.9851,13.8023,1244.54,2026.14,1.18154,30,62.5116,578.926,0.723351,0,4,18.925,0,0,13.4609375,0.000312593,8
N7_5,-27.377641,152.824682,24/07/2018,,859114,1,0.272219,10.2047,27.3462,3,0.107066,18.1309,13.9144,1233.83,7156.11,1.18784,30,61.7215,579.429,0.562765,0.250945,1,19.1,0,0,14.09765625,0.001553612,8
N7_6,-27.47405,152.861704,24/07/2018,,861613,1,1.42088,6.2687,14.7068,2,0.12942,18.4937,14.1357,1100.1,2730.82,1.36861,30,66,420.214,0.568431,0,0,18.9067,0,0,14.53503024,0.000283499,9
N7_7,-27.480283,152.866049,24/07/2018,,861612,0.66,5.37469,5.91449,3.39345,1,0.161895,18.503,14.1465,1093.54,511.162,1.5279,30,66,337.276,0.540278,0,0,18.6333,0,0,14.2265625,7.75E-05,9
N7_8,-27.489481,152.892276,24/07/2018,,861750,1,0.797361,5.65986,24.0987,2,0.148902,18.6159,14.2393,1085.49,4082.31,1.40673,30,65.3599,420.214,0.457911,0.853467,0,19.0938,0,0,14.31997283,0.000131307,10
N7_9,-27.503144,152.803348,24/07/2018,,862700,0.05,1.86428,4.66202,6.95759,2,0.0883349,18.6389,14.2158,1037.54,1173.31,1.37846,30,66,366.138,0.630249,0,2,18.9375,0,0,12.3828125,8.39E-05,9
N7_10,-27.38247,152.350899,26/07/2018,,859471,1,0.264801,5.52669,179.289,4,0.130767,18.0604,13.2971,939.532,10272.1,1.79507,109.372,76.2802,749.058,0.55682,0.42109,4,19.2,97.5,0.103711536,8.90625,0,12
N7_11,-27.387507,152.348592,26/07/2018,,859472,0,2.90058,6.45158,9.02218,1,0.103497,18.6167,13.8662,890.247,406.503,2.05572,243.536,87.635,376.891,0.495434,0,8,18.8739,31.7935,0.049429686,9.084280303,0,17
N7_12,-27.418635,152.339698,26/07/2018,,859916,0,0.814291,4.4835,23.7687,2,0.121621,18.5761,13.8049,887.892,1086.33,2.04154,172.597,77.1255,489.42,0.451187,4.76188,6,19.1143,35.9375,0.057491789,8.465625,0,17
N7_13,-27.478247,152.347313,26/07/2018,,861821,0.4,0.757802,1.82782,19.5061,2,0.21419,18.7968,13.9868,849.944,853.321,2.06978,31.8981,58.181,345.374,0.542106,0.175729,4,19.125,25,0,4.4765625,0,72
N7_14,-27.513573,152.288239,26/07/2018,,863377,0,0.561823,4.30954,66.051,3,0.266693,18.3565,13.5285,883.039,3035.35,2.02554,140.508,81.6575,539.674,0.458707,1.60795,6,19.1057,60.7143,0.037745449,5.17578125,0,17
N7_15,-26.968052,152.428086,25/07/2018,,849799,0.05,4.833,9.2,10.2953,1,0.227011,18.3478,13.8622,981.823,1267.65,1.30706,30,102,481.144,0.568539,0,4,18.8727,0,0.075773907,13.69290865,0,16
N7_16,-27.075594,152.42211,25/07/2018,,852226,0.8,0.103208,4.14407,619.395,4,0.489245,17.6885,12.9346,927.537,33909.4,1.70439,103.928,91.4529,793.6,0.331051,2.70452,2,19.5804,84.5588,0.163567717,10.18095439,0,11
N7_17,-27.198033,152.749224,24/07/2018,,854864,0.27,0.266555,10.8345,67.1591,3,0.0670303,18.1408,13.9275,1230.26,17410.8,1.12938,30,66,728.597,0.55081,0,1,19.2667,0,0.055241668,13.1171875,0.004583262,8
N7_18,-27.160475,152.774,24/07/2018,,854183,1,0.436283,7.84365,34.4882,3,0.201831,18.4362,14.3076,1288.21,9602.87,1.09271,55.8425,73.6471,523.459,0.782704,0,1,19.3,0,0.144955308,13.2421875,0.008137327,4
N7_19,-27.515885,152.826686,24/07/2018,,862775,0.85,4.41436,6.72898,5.31209,1,0.178098,18.8252,14.3781,1016.79,806.218,1.4201,30,65.7613,331.407,0.460762,0,2,18.9941,0,0,13.20225694,0,11
N7_20,-27.192795,152.797885,24/07/2018,,854915,1,0.342737,8.67454,128.286,4,0.132215,18.3933,14.1754,1233.31,32646.2,1.1207,36.9435,66.7206,728.597,0.533157,0,1,19.3875,25,0.091057948,14.396875,0.013115214,7
N7_21,-27.089518,152.385347,25/07/2018,,851813,1,0.215085,4.30494,584.712,4,0.500679,17.5889,12.8285,929.57,32077,1.71047,109.04,91.3937,793.6,0.341883,1.71159,2,19.4679,96.2054,0.172373957,11.69135123,0,11
N7_22,-26.972723,152.337488,25/07/2018,,849925,0.85,0.329806,3.99342,210.97,3,0.176037,18.1709,13.4028,880.315,11049.6,1.77402,67.8968,62.8286,576.212,0.341229,0.32613,3,19.3952,49.7024,0.111879708,11.95653045,0,12
N7_23,-26.979759,152.410813,25/07/2018,,850163,0.1,0.632832,7.1259,35.5722,2,0.25837,18.681,14.1689,960.47,3554.36,1.41041,29.5818,102.341,481.144,0.517,0,4,19.4308,0,0.041703957,14.2346444,0,15
N7_24,-26.965388,152.520377,25/07/2018,,849842,0.05,0.540106,4.15627,14.3594,2,0.296851,18.8293,14.3765,972.257,1693.52,1.34395,29.8705,96.1607,448.595,0.483438,0.959332,0,19.34,0,0.10180609,12.02467105,0,11
N7_25,-27.110556,151.927904,25/07/2018,,852656,0,3.84113,3.24641,7.39412,1,0.171001,17.2353,11.8251,745.354,140.16,2.48581,221.26,103.423,599.582,0.748995,0,4,17.3143,45.9821,0.204069733,7.024594907,7.59E-05,8
N7_26,-27.424851,152.488953,26/07/2018,,860245,1,0.236957,3.64658,381.758,4,0.648812,18.5921,13.8439,890.613,20275.1,1.85266,79.2658,73.9195,749.058,0.448274,9.15524,4,19.4179,97.2098,0.053454823,7.361357276,0,13
N7_27,-27.397687,152.433356,26/07/2018,,860070,0.9,0.140589,3.91297,356.993,4,0.304508,18.5265,13.7752,897.046,18690.5,1.84717,84.978,71.9686,749.058,0.515075,7.74127,4,19.3974,80.0987,0.057163043,6.0703125,0,12
N7_28,-27.401805,152.364421,26/07/2018,,859752,0,0.482967,4.0894,28.1593,2,0.130392,18.6499,13.8773,880.86,1300.75,2.02072,154.312,74.4166,489.42,0.45637,4.99394,6,19.2,62.5,0.048527666,8.90625,0,17
N7_29,-27.34959,152.390571,26/07/2018,,858801,1,0.721334,1.81188,16.99,2,0.15714,18.8592,14.1515,881.556,977.292,1.80783,30,56.6222,234.852,0.653537,1.61615,3,19.1,11.25,0,10.78125,0,13
N7_30,-27.834678,152.376948,26/07/2018,,870384,1,0.321952,12.1645,76.6597,3,0.103055,16.9103,12.065,953.209,6254.86,1.68506,234.61,98.1969,1123.14,0.508728,0,3,18.4,100,0.101607679,8.30859375,0.000161036,10
N7_31,-27.834589,153.273137,27/07/2018,,870540,1,0.578715,6.28141,9.59941,2,0.112461,19.121,15.4107,1328.99,2677.23,1.12377,100,100.637,373.22,0.590877,0.711865,1,19.6,0,0.005300781,13.59375,0.000262013,8
N9_1,-28.073169,153.112829,3/09/2018,,876137,1,0.671916,13.5964,74.6298,2,0.0386093,16.4747,12.7854,1480.02,39955.2,0.893003,266.361,191.39,1158.85,0.334853,0,0,18.4214,0,30.48052931,16.05309852,0.084376376,0
N9_2,-28.110747,153.036423,3/09/2018,,877340,1,0.206717,13.1209,129.353,3,0.0826371,16.9054,12.9748,1298.38,54126.6,0.879626,179.944,166.01,1136.49,0.403642,0.28977,0,18.5667,100,27.65916314,15.03125,0.135041176,0
N9_3,-28.17099,152.983788,3/09/2018,,878583,1,0.124207,10.81,160.738,3,0.112099,17.1704,13.0739,1192.8,52995.5,0.880478,134.189,146.39,1115.4,0.433428,0.233036,2,18.6,100,23.99826335,9.6015625,0.095079872,0
N9_4,-28.175446,152.933743,3/09/2018,,878657,1,0.738505,4.31827,41.1615,3,0.199338,17.9923,13.4962,896.485,5035.68,1.17565,95.1059,105.562,488.127,0.585833,0.992893,0,18.625,51.5625,19.63633295,8.28515625,0.013304988,0
N9_5,-28.083027,152.832364,3/09/2018,,876777,1,0.270304,5.15572,88.9359,3,0.19396,17.965,13.0724,870.333,7314.05,1.46487,100,79.9644,536.245,0.478136,0.536631,1,18.61,0,17.95225833,7.838169643,0.041033312,1
N9_6,-28.115443,152.859326,3/09/2018,,877524,1,0.230569,6.12963,55.4383,3,0.161422,17.9505,13.093,860.677,4790.38,1.37003,100,81.2926,644.524,0.468502,0,3,18.7,25,16.70408899,7.7421875,0.010442936,2
N9_7,-28.116451,152.840727,3/09/2018,,877404,0,5.71987,3.95338,2.14673,1,0.193625,18.2317,13.3476,836.619,159.8,1.4145,100,93.6667,337.899,0.480804,0,1,18.2,13.0682,16.25876684,7.8640625,0.000215543,4
N9_8,-28.19639,152.673599,3/09/2018,,878724,0,5.01821,10.401,12.0194,1,0.164179,17.036,12.3779,1016.34,1482.17,1.15874,94.2295,82.2691,811.646,0.437918,0,2,17.664,18.25,27.75465578,12.97638494,0.017685123,0
N9_9,-27.809949,152.847527,31/08/2018,,870032,0.06,1.50408,6.52065,7.41687,2,0.155771,18.4747,14.03,911.171,752.147,1.62676,64.8387,73.3548,386.921,0.741864,1.84351,5,18.96,0,16.88210778,7.4609375,0.001119795,1
N9_10,-28.249802,152.992773,3/09/2018,,880447,1,0.913795,9.33238,24.9407,2,0.199131,17.2722,13.0289,1108.71,6263.88,0.973961,170.775,148.975,799.052,0.600655,0,0,18.2167,49.4792,25.70641393,9.65141369,0.025840931,0
N9_11,-28.257444,153.015985,3/09/2018,,880605,1,0.661509,16.1793,53.995,2,0.0561882,16.336,12.6004,1455.68,27933.5,0.815404,180.514,161.91,1115.4,0.402403,0,5,18.2143,42.4107,27.68599942,9.778125,0.038543166,0
N9_12,-27.203674,152.13372,2/09/2018,,855058,0.1,0.515962,4.89761,14.7434,2,0.163523,16.9594,12.1657,895.373,893.682,1.63723,107.459,63.8858,733.178,0.734545,0,2,17.7667,0,9.742874569,6.5625,0.004418604,0
N9_13,-27.254739,152.052157,2/09/2018,,856465,0.3,0.638786,3.00295,53.3448,3,0.303969,16.3206,11.4591,879.544,2075.81,1.88792,169.781,130.261,762.397,0.55238,0.515212,0,16.85,0,6.847910623,4.234375,0.00571098,0
N9_14,-27.265342,152.057326,2/09/2018,,856464,0.4,1.43102,2.17216,17.6826,2,0.31505,16.2561,11.4392,941.208,826.703,1.86404,210.35,148.592,759.955,0.499464,0,0,16.85,0,6.746391475,4.591145833,0.000946864,2
N9_15,-26.919494,152.772838,29/08/2018,,849237,1,0.0460017,5.19828,207.637,4,0.207174,18.7145,14.9169,1634.1,87086.4,0.994046,129.314,103.308,559.917,0.435386,0.879686,0,19.4,69.4444,20.95532299,14.08917026,0.080271464,0
N9_16,-26.866047,152.781462,29/08/2018,,848263,1,2.30886,7.4621,15.2709,2,0.0953607,18.3131,14.5519,1559.5,5707.72,1.04604,182.846,107.905,544.907,0.593405,0,0,18.8538,12.5,21.90430036,21.08276367,0.012140981,0
N9_17,-26.860947,152.821401,29/08/2018,,848171,1,0.0528145,5.49878,115.064,3,0.20973,18.6596,14.9217,1719.76,53201.9,0.970225,148.58,105.74,542.286,0.455172,0.59915,0,19.325,55.7292,20.93023762,18.72295673,0.047353425,0
N9_18,-26.822911,152.839999,29/08/2018,,847421,1,0.453628,7.29166,49.559,3,0.190648,18.2882,14.5813,1755.47,23845.3,0.963222,188.349,117.456,542.286,0.571254,0,1,19.0333,48.6111,20.68898532,22.49386161,0.021449918,0
N9_19,-26.814183,152.837053,29/08/2018,,847232,1,1.00756,7.73921,25.1408,2,0.190454,18.1218,14.4129,1729.82,11560.8,0.979822,193.553,124.118,542.286,0.507661,0,1,18.925,25.7813,20.66673425,23.234375,0.007814915,0
N9_20,-26.813102,152.840661,29/08/2018,,847231,1,0.16612,7.56351,19.9011,2,0.184319,18.3844,14.6925,1808.75,10391.8,0.933198,166.205,110.416,459.078,0.520571,0,1,19,0,20.787787,23.234375,0.014503604,0
N9_21,-26.831056,152.878529,29/08/2018,,847568,1,0.0670182,5.61642,20.931,2,0.16524,18.8638,15.1283,1779.31,10219.5,0.952565,153.88,97.832,399.694,0.613132,0.988386,0,19.3,93.75,21.01246905,17.87695313,0.014922427,0
N9_22,-27.014756,152.752406,29/08/2018,,850717,1,0.951125,7.04224,15.3157,2,0.228414,18.4009,14.4267,1395.64,5156.49,1.03133,36.0674,70.1528,479.749,0.434088,0,0,18.985,0,21.32753332,14.22800926,0.003137195,0
N9_23,-27.052695,152.768829,29/08/2018,,851062,1,4.33391,5.66951,6.91678,1,0.285987,18.0085,14.1781,1435.1,2471.04,1.03421,70.2985,80.9652,480.316,0.438953,0,0,18.0591,0,21.35167538,17.03009259,0.00355167,0
N9_24,-27.370064,152.126472,2/09/2018,,858976,0,1.55963,4.78602,10.465,2,0.264954,16.2252,11.4892,1009.61,619.31,1.86082,269.18,174.59,780.291,0.569388,0,1,16.7222,0,8.077018435,11.93323864,0.001446587,0
N9_26,-27.359177,152.322155,2/09/2018,,858856,1,0.348266,5.98417,138.653,4,0.126273,17.8762,13.1085,953.411,8231.88,1.77582,118.731,77.3942,749.058,0.604783,0.321756,4,19.1,100,8.847549314,4.53125,0.004367004,3
N9_27,-27.814326,152.362309,30/08/2018,,869896,0,0.766447,12.8821,29.1439,2,0.0969254,16.9694,12.1676,946.117,1951.24,1.83955,277.022,95.3107,1054.72,0.541601,0.117264,7,18.3909,83.5227,12.7673744,4.28828125,0.004423363,0
N9_28,-27.797608,152.366457,30/08/2018,,869594,0,7.8433,8.5559,6.04962,1,0.130172,17.4887,12.7249,949.057,369.87,2.00995,300,96,781.161,0.56907,0,8,17.8133,26.6667,12.47634459,4.2109375,0.000685529,0
N9_29,-27.724729,152.330499,30/08/2018,,867586,0,1.64598,9.57254,31.0104,2,0.128915,17.2233,12.4766,923.004,1880.56,1.96697,300,96,855.091,0.5066,0,8,18.4111,44.4444,10.308668,3.224479167,0.003029499,0
N9_30,-27.722706,152.222509,30/08/2018,,867708,0,0.404463,11.774,365.229,4,0.211562,16.5139,11.4875,874.448,20059.2,1.73239,186.521,96.0004,1081.57,0.503367,0,5,18.6,100,10.58249933,2.59765625,0.029917404,0
N9_31,-27.987353,152.455063,30/08/2018,,874395,1,0.455632,7.95082,35.1631,3,0.107735,17.0164,12.0597,952.132,2525.91,1.6379,155.868,114.008,1102.94,0.576265,0,2,18.46,30,20.23379035,5.890625,0.018232625,0
N9_32,-27.770958,152.842696,31/08/2018,,868838,1,4.13909,4.29038,4.13637,1,0.174859,18.4347,13.9975,918.174,433.211,1.64532,123.719,73.8182,328.421,0.650327,0,5,18.5455,0,16.91680797,7.647395833,0.000731315,0
N9_33,-27.84452,152.880216,31/08/2018,,870891,0.9,0.290974,6.67599,29.6289,3,0.150095,18.5562,14.0536,907.178,2904.07,1.60814,104.74,74.7266,671.724,0.552947,0.461478,6,19.2,0,16.71495116,7.112413194,0.004071253,1
N9_34,-28.085471,153.021107,3/09/2018,,876781,1,0.67843,6.72578,14.4181,2,0.187114,18.0558,13.6653,875.241,1773.71,1.39005,180.206,126.504,445.611,0.687142,0,4,18.6,60,17.64314404,9.640625,0.00590511,0
N9_35,-28.149328,153.041296,3/09/2018,,878187,0.1,1.70701,12.8502,14.204,2,0.128075,17.3448,13.1978,1125.71,4057.45,1.09823,201,187,758.105,0.514995,0,3,18.2077,4.32692,24.32842958,13.93607955,0.009707703,0
N9_36,-28.225102,153.029354,3/09/2018,,879819,1,0.837605,10.607,29.3717,2,0.128582,17.2307,13.204,1225.98,10478.4,0.879953,130.041,137.964,1066.95,0.372441,0,3,18.3615,38.9423,23.67788383,12.796875,0.016895168,0
N9_37,-27.452954,152.075625,2/09/2018,,861322,0,1.18156,4.03173,7.98954,2,0.147601,18.0172,13.0077,835.618,270.802,2.0716,111.116,74.3133,497.759,0.536025,0,4,18.36,1.25,4.792260645,3.909598214,0,53
N11_1,-28.125841,153.187967,1/11/2018,,876087,1,2.95795,9.08169,22.3915,1,0.234839,17.1741,13.5324,1458.26,11516.4,0.961382,225.419,171.988,663.064,0.320633,0,0,17.2887,0,32.66115298,39.76452206,0.180000394,0
N11_2,-28.062616,153.191782,1/11/2018,,876086,1,7.30998,10.3489,6.51131,1,0.226916,17.7047,13.8911,1331.01,2774.86,0.987812,117.832,138.419,539.667,0.551492,0,1,17.8556,0,33.51308579,39.30403646,0.032513521,0
N11_3,-27.732695,152.946333,1/11/2018,,867885,1,0.0639732,4.36764,50.9804,3,0.153317,18.7465,14.3146,922.77,5417.73,1.58715,101.71,67.0557,339.151,0.461199,5.03107,4,19.18,34,33.3171864,31.7734375,0.056455304,0
N11_4,-27.55118,152.023516,3/11/2018,,863489,0,1.89073,8.44953,12.5708,2,0.150133,17.0771,11.9166,826.387,430.536,2.10365,202.425,93.0136,707.029,0.502497,0,5,18.1182,67.6136,6.033367667,21.0015625,0.01402599,0
N11_5,-27.538468,152.022143,3/11/2018,,863221,0,5.92883,6.86962,7.63979,1,0.170426,17.2309,12.1803,829.43,262.399,2.08539,153.767,87.4978,707.95,0.412962,0,4,17.7875,9.63542,5.884802402,20.59960938,0.007344266,0
N11_6,-27.527565,152.02571,3/11/2018,,863222,1,1.47237,6.89002,27.9274,3,0.163588,17.3326,12.2621,819.222,910.021,2.12415,136.699,88.0221,708.802,0.526623,0,2,18.2923,40.3846,5.651449443,21.79513889,0.038189152,0
N11_7,-27.512227,152.026139,3/11/2018,,863164,0.6,1.34316,4.91413,15.1813,2,0.139713,17.9524,12.8519,809.16,469.254,2.14291,68.8713,80.0564,499.966,0.434741,0,4,18.4905,22.619,4.643115095,25.58351293,0.010902638,2
N11_8,-27.52935,152.193457,3/11/2018,,863283,0,1.17227,4.77811,38.0796,3,0.148556,17.9622,13.083,891.278,1651.47,2.02402,207.408,87.0837,529.992,0.617689,0,6,18.7167,23.9583,3.94986352,26.09960938,0.018004837,3
N11_9,-27.507212,152.081005,3/11/2018,,862500,1,0.197741,5.25728,243.841,4,0.130166,17.3293,12.4023,896.08,10431.5,1.95239,206.287,96.179,802.791,0.668479,0.29517,3,18.7,0,4.732499126,27.1328125,0.165821327,0
N11_10,-27.558028,152.062973,3/11/2018,,863810,0,0.879259,6.89691,29.1445,2,0.161155,17.5823,12.2301,800.772,851.072,2.20303,156.439,85.4489,689.996,0.392251,0,7,18.5813,52.3438,6.249192625,24.4703125,0.030278494,0
N11_11,-27.539466,152.121416,3/11/2018,,863340,0,0.978492,3.88958,13.8788,2,0.101264,18.2415,13.2212,841.807,525.005,2.01542,30,69.7778,457.745,0.479937,0,5,18.775,26.5625,3.986271827,23.47916667,0.004700628,5
N11_12,-27.540503,152.126244,3/11/2018,,863339,0,2.50176,1.88956,4.14583,1,0.193288,18.5107,13.3669,817.818,124.986,2.18295,30,70,302.218,0.488366,0,4,18.5333,6.66667,4.191721402,27.82589286,0.000888555,5
N11_13,-26.820541,152.14159,4/11/2018,,847168,0,1.07323,1.84595,44.4993,2,0.204879,17.4874,12.6665,887.986,1766.2,2.01784,183.153,123.735,524.998,0.473474,1.54904,2,17.95,0,5.491674945,35.78125,0.014211503,1
N11_14,-26.867249,152.524303,4/11/2018,,848609,1,0.311888,6.72945,144.247,3,0.12727,18.3153,13.8565,1013.27,19882.5,1.29226,31.3103,73.3679,616.563,0.465739,0.215015,3,19.3316,54.6053,2.817931348,36.44546569,0.050918836,5
N11_15,-26.842924,152.482706,4/11/2018,,847670,1,0.18455,5.84406,46.5833,2,0.14684,18.4919,13.9827,970.252,5193.35,1.39019,30,81.6055,509.368,0.579737,0,2,19.175,92.1875,3.094574133,35.640625,0.017285118,6
N11_16,-26.817202,152.496326,4/11/2018,,847331,1,0.285158,7.52258,52.2627,2,0.0829553,17.9434,13.5096,1034.83,7965.31,1.25593,33.3267,68.666,616.563,0.516455,0,1,19.1,9.375,2.556310398,34.953125,0.018118328,5
N11_17,-27.885575,152.73991,1/11/2018,,871801,0.1,0.708145,5.36458,6.24867,2,0.198077,18.4219,13.4934,886.934,439.273,1.74253,220.219,107.967,287.687,0.638112,0,4,18.8,21.875,31.86855284,33.8984375,0.004922622,0
N11_18,-27.8727,152.738829,1/11/2018,,871314,1,0.136915,2.74874,38.7552,3,0.21107,18.6242,13.6495,883.037,2439.89,1.74061,118.159,118.277,297.264,0.614682,5.81468,2,18.9,89.0625,32.41992578,32.22433036,0.023579881,0
N11_19,-27.818163,152.754149,1/11/2018,,870029,1,0.209436,3.49074,93.1435,3,0.191518,18.6617,13.733,880.018,6539.8,1.68687,93.9971,99.9971,623.074,0.543319,4.18007,3,19.0833,62.5,31.32552445,35.1640625,0.051509222,0
N11_20,-28.039241,152.67564,1/11/2018,,875460,1,0.716097,4.62697,21.8565,3,0.199906,18.1058,13.1328,905.813,1562.87,1.57544,94.7036,91.8986,518.425,0.549736,0.468152,2,18.675,56.7708,37.39192518,33.1640625,0.036554403,0
N11_21,-27.159106,151.893861,5/11/2018,,854112,0,0.659446,4.76638,12.9587,2,0.234909,16.6146,11.2305,738.488,242.832,2.36871,151.053,96.3289,698.747,0.799096,0,2,17.1,43.75,4.519391028,25.484375,0.005617776,0
N11_22,-27.181138,151.922553,5/11/2018,,854469,0.4,1.07969,4.04006,27.9331,3,0.290424,16.6031,11.3032,764.802,645.504,2.19971,82.1439,114.888,760.415,0.551723,0,0,17.1889,81.5972,4.134640574,23.8296371,0.008899541,0
N11_23,-27.170485,151.926777,5/11/2018,,854414,1,0.427058,4.21369,79.0806,4,0.262884,16.656,11.2984,748.409,1645.01,2.27714,118.48,103.409,760.415,0.841366,0.0434677,1,17.4,100,4.34032732,28.5078125,0.032222904,0
N11_24,-27.333278,152.168792,5/11/2018,,857659,1,2.41385,2.91184,10.1948,1,0.243939,16.6687,11.9407,996.337,648.455,1.74483,193.704,140.963,680.093,0.424856,0.67352,2,16.7214,34.375,3.145264622,30.72160823,0.00507663,0
N11_25,-27.250971,152.103721,5/11/2018,,856397,0.01,1.35302,2.76794,127.191,3,0.24077,16.4536,11.6174,898.689,5813.84,1.804,174.432,118.687,762.397,0.540971,0.594266,0,17.425,0,3.680392018,31.375,0.057669507,0
N11_26,-27.577227,152.147912,3/11/2018,,864079,0.1,0.547986,6.51804,176.24,3,0.261984,17.4775,12.0545,779.014,4794.66,2.24052,206.243,91.3144,729.2,0.490763,0.757763,6,18.8615,100,7.629837205,21.94661458,0.147365305,0
N11_27,-27.173743,151.923326,5/11/2018,,854411,1,0.864136,3.91722,41.8166,3,0.303728,16.6394,11.3041,755.092,922.562,2.22651,90.3147,108.858,760.415,0.658123,0,1,17.3,100,4.159992173,25.484375,0.014016264,0
